epoch,accuracy,learning_rate,loss,val_accuracy,val_loss
0,0.15895864367485046,9.999999747378752e-05,2.940385103225708,0.1187739446759224,2.129033327102661
1,0.1875,9.999999747378752e-05,3.2220308780670166,0.12295367568731308,2.118370294570923
2,0.17083106935024261,9.999999747378752e-05,2.655787467956543,0.15256008505821228,2.131286859512329
3,0.203125,9.999999747378752e-05,2.5271692276000977,0.1518634557723999,2.139904260635376
4,0.18107394874095917,9.999999747378752e-05,2.494448184967041,0.184952974319458,2.1238646507263184
