{"accuracy": [0.1599286049604416, 0.203125], "loss": [3.0187385082244873, 2.2940852642059326], "val_accuracy": [0.19505399465560913, 0.19714385271072388], "val_loss": [2.018991708755493, 2.0173206329345703], "learning_rate": [9.999999747378752e-05, 9.999999747378752e-05]}