{"accuracy": [0.15938542783260345, 0.171875, 0.16733917593955994, 0.140625, 0.16726158559322357, 0.21875, 0.16749437153339386, 0.15625, 0.16927911341190338, 0.1875, 0.17661209404468536, 0.1875, 0.1814231425523758, 0.1875, 0.18817412853240967, 0.171875, 0.19531311094760895, 0.203125, 0.19414913654327393, 0.25, 0.19915418326854706, 0.15625, 0.20648716390132904, 0.109375, 0.20986264944076538, 0.15625, 0.21622565388679504, 0.21875, 0.22771009802818298, 0.21875, 0.22980523109436035, 0.203125, 0.23384030163288116, 0.25, 0.2481570541858673, 0.203125, 0.258089542388916, 0.234375, 0.2648405432701111, 0.34375, 0.2747730314731598, 0.171875, 0.278032124042511, 0.375, 0.2954139709472656, 0.28125, 0.29781949520111084, 0.3125, 0.3060448467731476, 0.3125], "loss": [2.959272861480713, 3.8859457969665527, 2.680840492248535, 2.3991317749023438, 2.5023040771484375, 2.6194629669189453, 2.386280059814453, 2.6915948390960693, 2.311269998550415, 2.14548921585083, 2.2275187969207764, 1.9283219575881958, 2.175569534301758, 2.813082695007324, 2.128201961517334, 1.8426417112350464, 2.07969331741333, 1.9407870769500732, 2.0537517070770264, 1.6667847633361816, 2.0235378742218018, 2.214108467102051, 2.0153110027313232, 2.0922961235046387, 1.9784165620803833, 2.1823856830596924, 1.957951545715332, 1.5891368389129639, 1.9260904788970947, 1.9239928722381592, 1.9279621839523315, 1.7272281646728516, 1.9125365018844604, 1.9578205347061157, 1.8653377294540405, 2.049062728881836, 1.8601908683776855, 1.6665778160095215, 1.8381446599960327, 1.4594892263412476, 1.8069088459014893, 1.704651117324829, 1.7917060852050781, 2.0058493614196777, 1.775320291519165, 2.9194648265838623, 1.7624672651290894, 1.6010963916778564, 1.7443060874938965, 1.7028388977050781], "val_accuracy": [0.01741553470492363, 0.01741553470492363, 0.09334726631641388, 0.09299895167350769, 0.15256008505821228, 0.15360501408576965, 0.19818878173828125, 0.19714385271072388, 0.22675025463104248, 0.22675025463104248, 0.23510971665382385, 0.2337164729833603, 0.2257053256034851, 0.22466039657592773, 0.2257053256034851, 0.2253570258617401, 0.23580634593963623, 0.23650296032428741, 0.23998606204986572, 0.2403343766927719, 0.25670498609542847, 0.2560083568096161, 0.2218739092350006, 0.22291883826255798, 0.2622779607772827, 0.2626262605190277, 0.27969348430633545, 0.27899685502052307, 0.30233368277549744, 0.30128875374794006, 0.3033786118030548, 0.3033786118030548, 0.3079066574573517, 0.30895158648490906, 0.31347963213920593, 0.31278300285339355, 0.3120863735675812, 0.3120863735675812, 0.3329850137233734, 0.3326367139816284, 0.33925461769104004, 0.33925461769104004, 0.3483106791973114, 0.3479623794555664, 0.3361198306083679, 0.33507490158081055, 0.35701847076416016, 0.3587599992752075, 0.3486590087413788, 0.35074886679649353], "val_loss": [2.662886381149292, 2.6354198455810547, 2.215587854385376, 2.2123312950134277, 2.005695343017578, 2.0051722526550293, 1.9119981527328491, 1.9128332138061523, 1.8819105625152588, 1.8814207315444946, 1.8645156621932983, 1.8630321025848389, 1.8456125259399414, 1.8460930585861206, 1.8502161502838135, 1.8490896224975586, 1.8291000127792358, 1.828891634941101, 1.8233016729354858, 1.8225051164627075, 1.801245093345642, 1.8009893894195557, 1.8458430767059326, 1.8451111316680908, 1.7859491109848022, 1.7856693267822266, 1.7677143812179565, 1.7682162523269653, 1.7348486185073853, 1.7352896928787231, 1.743098258972168, 1.743750810623169, 1.7302031517028809, 1.7293802499771118, 1.7259072065353394, 1.725687861442566, 1.7290087938308716, 1.728622317314148, 1.704361915588379, 1.7056951522827148, 1.6706535816192627, 1.6705870628356934, 1.664079189300537, 1.6641640663146973, 1.6704471111297607, 1.668915033340454, 1.6422290802001953, 1.639838695526123, 1.6708426475524902, 1.6697312593460083], "learning_rate": [9.999999747378752e-05, 9.999999747378752e-05, 9.999999747378752e-05, 9.999999747378752e-05, 9.999999747378752e-05, 9.999999747378752e-05, 9.999999747378752e-05, 9.999999747378752e-05, 9.999999747378752e-05, 9.999999747378752e-05, 9.999999747378752e-05, 9.999999747378752e-05, 9.999999747378752e-05, 9.999999747378752e-05, 9.999999747378752e-05, 9.999999747378752e-05, 4.999999873689376e-05, 4.999999873689376e-05, 4.999999873689376e-05, 4.999999873689376e-05, 4.999999873689376e-05, 4.999999873689376e-05, 4.999999873689376e-05, 4.999999873689376e-05, 4.999999873689376e-05, 4.999999873689376e-05, 4.999999873689376e-05, 4.999999873689376e-05, 4.999999873689376e-05, 4.999999873689376e-05, 4.999999873689376e-05, 4.999999873689376e-05, 4.999999873689376e-05, 4.999999873689376e-05, 4.999999873689376e-05, 4.999999873689376e-05, 4.999999873689376e-05, 4.999999873689376e-05, 4.999999873689376e-05, 4.999999873689376e-05, 4.999999873689376e-05, 4.999999873689376e-05, 4.999999873689376e-05, 4.999999873689376e-05, 4.999999873689376e-05, 4.999999873689376e-05, 4.999999873689376e-05, 4.999999873689376e-05, 4.999999873689376e-05, 4.999999873689376e-05]}