epoch,accuracy,learning_rate,loss,val_accuracy,val_loss
0,0.1599286049604416,9.999999747378752e-05,3.0187385082244873,0.19505399465560913,2.018991708755493
1,0.203125,9.999999747378752e-05,2.2940852642059326,0.19714385271072388,2.0173206329345703
