{"accuracy": [0.15895864367485046, 0.1875, 0.17083106935024261, 0.203125, 0.18107394874095917], "loss": [2.940385103225708, 3.2220308780670166, 2.655787467956543, 2.5271692276000977, 2.494448184967041], "val_accuracy": [0.1187739446759224, 0.12295367568731308, 0.15256008505821228, 0.1518634557723999, 0.184952974319458], "val_loss": [2.129033327102661, 2.118370294570923, 2.131286859512329, 2.139904260635376, 2.1238646507263184], "learning_rate": [9.999999747378752e-05, 9.999999747378752e-05, 9.999999747378752e-05, 9.999999747378752e-05, 9.999999747378752e-05]}